station,latitude,longitude,start,tripdurationS,end,tripdurationE,month
Grove St PATH,40.71958611647170,-74.0431174635887,3100,269.0,3548,266.0,Jan
Sip Ave,40.73089709786180,-74.06391263008120,1493,386.0,1310,362.0,Jan
Newport Pkwy,40.728744800000000,-74.03210820000000,641,509.0,661,492.0,Jan
Columbus Dr at Exchange Pl,40.71687,-74.03281,1152,296.0,1155,307.0,Jan
City Hall,40.717732500000000,-74.04384500000000,745,349.0,781,374.0,Jan
Columbus Drive,40.71835519823210,-74.03891444206240,556,280.0,606,284.0,Jan
Harborside,40.71925170000000,-74.034234,1091,323.0,1093,321.0,Jan
Marin Light Rail,40.71458403535890,-74.04281705617910,904,271.5,848,315.0,Jan
Newport PATH,40.7272235,-74.03375890000000,989,382.0,953,370.0,Jan
Newark Ave,40.72152515,-74.046304543,720,260.0,717,281.0,Jan
Van Vorst Park,40.71848892,-74.047726625,528,311.5,461,291.0,Jan
Journal Square,40.733670000000000,-74.0625,393,399.0,325,356.0,Jan
Warren St,40.721123600000000,-74.03805095,628,295.0,681,285.0,Jan
Hamilton Park,40.727595966000000,-74.044247311,1327,301.0,1342,309.0,Jan
Oakland Ave,40.7376037,-74.05247830000000,240,411.0,176,399.5,Jan
Fairmount Ave,40.72572613742560,-74.07195925712580,253,381.0,215,370.0,Jan
McGinley Square,40.7253399253558,-74.06762212514880,538,237.5,400,244.5,Jan
Hilltop,40.7311689,-74.0575736,150,457.0,113,427.0,Jan
Baldwin at Montgomery,40.7236589,-74.0641943,236,548.0,233,439.0,Jan
5 Corners Library,40.73496102000950,-74.05950307846070,127,399.0,100,564.5,Jan
Riverview Park,40.7443187,-74.04399090000000,118,719.0,102,362.0,Jan
Jersey & 3rd,40.723331586464400,-74.04595255851740,616,197.0,594,201.0,Jan
Brunswick & 6th,40.726011729646200,-74.0503889322281,776,326.0,651,331.0,Jan
Washington St,40.7242941,-74.0354826,575,327.0,614,347.5,Jan
Monmouth and 6th,40.72568548362900,-74.0487903356552,613,297.0,604,283.5,Jan
Manila & 1st,40.72165072488000,-74.04288411140440,632,254.5,666,261.5,Jan
Dixon Mills,40.72163014263840,-74.04996782541280,511,198.0,515,216.0,Jan
Jersey & 6th St,40.72528910781130,-74.04557168483730,584,240.5,483,262.0,Jan
JC Medical Center,40.71653978099190,-74.0496379137039,398,302.5,401,330.0,Jan
Brunswick St,40.7241765,-74.05065640000000,529,294.0,528,290.0,Jan
Morris Canal,40.7124188237569,-74.03852552175520,542,309.0,525,306.0,Jan
Christ Hospital,40.734785818,-74.050443636,147,458.0,124,519.5,Jan
Paulus Hook,40.7141454,-74.0335519,493,374.0,500,380.5,Jan
Grand St,40.71517767732030,-74.03768330812450,359,265.0,405,338.0,Jan
Bergen Ave,40.72210378668600,-74.07145500183100,275,374.0,283,361.0,Jan
Montgomery St,40.71942,-74.05099,259,410.0,245,323.0,Jan
Astor Place,40.71928220070700,-74.07126188278200,317,445.0,338,429.0,Jan
Essex Light Rail,40.712774200000000,-74.03648570000000,398,322.5,472,371.5,Jan
Hoboken Ave at Monmouth St,40.73520838045360,-74.04696375131610,150,533.5,189,514.0,Jan
York St,40.71649,-74.04105,192,242.0,245,318.0,Jan
Lincoln Park,40.7246050998869,-74.07840594649320,159,531.0,218,509.5,Jan
Glenwood Ave,40.72755146730010,-74.07106071710590,102,403.0,88,304.0,Jan
Lafayette Park,40.71346382669200,-74.06285852193830,212,563.0,201,586.0,Jan
Leonard Gordon Park,40.74590996631560,-74.05727148056030,89,546.0,77,526.0,Jan
Pershing Field,40.742677141,-74.051788633,235,558.0,247,509.0,Jan
Dey St,40.737711,-74.066921,94,293.0,130,234.5,Jan
Jackson Square,40.71113,-74.0789,76,999.5,61,781.0,Jan
Liberty Light Rail,40.711242300000000,-74.0557013,474,548.5,509,607.0,Jan
Heights Elevator,40.748715945380200,-74.04044330120090,140,757.5,107,1003.0,Jan
Communipaw & Berry Lane,40.71435836870430,-74.06661093235020,91,742.0,106,589.5,Jan
Union St,40.71821130000000,-74.08363940000000,53,836.0,63,685.0,Jan
Newport Pkwy,40.728744800000000,-74.03210820000000,657,463.0,659,461.0,Feb
Manila & 1st,40.72165072488000,-74.04288411140440,517,247.0,565,266.0,Feb
City Hall,40.717732500000000,-74.04384500000000,683,383.0,708,388.0,Feb
Liberty Light Rail,40.711242300000000,-74.0557013,461,583.0,485,622.0,Feb
Newport PATH,40.7272235,-74.03375890000000,978,373.5,964,346.0,Feb
Dey St,40.737711,-74.066921,114,330.5,132,255.5,Feb
Warren St,40.721123600000000,-74.03805095,487,289.0,556,308.5,Feb
Hamilton Park,40.727595966000000,-74.044247311,1202,303.0,1051,309.0,Feb
Van Vorst Park,40.71848892,-74.047726625,432,283.0,398,319.0,Feb
Washington St,40.7242941,-74.0354826,489,329.0,499,347.0,Feb
Harborside,40.71925170000000,-74.034234,1058,298.0,1087,323.0,Feb
Baldwin at Montgomery,40.7236589,-74.0641943,257,494.0,220,511.0,Feb
Columbus Drive,40.71835519823210,-74.03891444206240,500,285.0,522,305.0,Feb
Jersey & 6th St,40.72528910781130,-74.04557168483730,516,221.0,391,254.0,Feb
Grand St,40.71517767732030,-74.03768330812450,315,289.0,354,327.5,Feb
Newark Ave,40.72152515,-74.046304543,631,263.0,648,266.0,Feb
Marin Light Rail,40.71458403535890,-74.04281705617910,746,286.0,716,322.0,Feb
Oakland Ave,40.7376037,-74.05247830000000,224,360.5,156,384.0,Feb
Monmouth and 6th,40.72568548362900,-74.0487903356552,521,294.0,441,284.0,Feb
Fairmount Ave,40.72572613742560,-74.07195925712580,244,381.0,201,380.0,Feb
McGinley Square,40.7253399253558,-74.06762212514880,531,255.0,389,251.0,Feb
Lincoln Park,40.7246050998869,-74.07840594649320,134,544.0,150,525.5,Feb
Brunswick St,40.7241765,-74.05065640000000,508,282.5,459,304.0,Feb
Lafayette Park,40.71346382669200,-74.06285852193830,194,592.0,209,640.0,Feb
Brunswick & 6th,40.726011729646200,-74.0503889322281,654,318.0,494,324.0,Feb
Sip Ave,40.73089709786180,-74.06391263008120,1402,393.0,1342,361.0,Feb
York St,40.71649,-74.04105,204,266.0,223,321.0,Feb
JC Medical Center,40.71653978099190,-74.0496379137039,317,330.0,326,368.5,Feb
Riverview Park,40.7443187,-74.04399090000000,99,758.0,74,657.0,Feb
Christ Hospital,40.734785818,-74.050443636,153,436.0,109,478.0,Feb
Pershing Field,40.742677141,-74.051788633,209,492.0,181,514.0,Feb
Union St,40.71821130000000,-74.08363940000000,59,758.0,83,699.0,Feb
Astor Place,40.71928220070700,-74.07126188278200,279,431.0,285,414.0,Feb
Jersey & 3rd,40.723331586464400,-74.04595255851740,526,202.0,528,219.5,Feb
Dixon Mills,40.72163014263840,-74.04996782541280,464,204.5,404,220.0,Feb
Bergen Ave,40.72210378668600,-74.07145500183100,274,381.5,240,366.0,Feb
Essex Light Rail,40.712774200000000,-74.03648570000000,300,325.0,322,366.5,Feb
Grove St PATH,40.71958611647170,-74.0431174635887,2328,276.5,3109,261.0,Feb
Leonard Gordon Park,40.74590996631560,-74.05727148056030,77,503.0,71,547.0,Feb
Montgomery St,40.71942,-74.05099,227,369.0,224,378.0,Feb
Morris Canal,40.7124188237569,-74.03852552175520,494,299.0,479,322.0,Feb
Hoboken Ave at Monmouth St,40.73520838045360,-74.04696375131610,146,497.5,171,472.0,Feb
Hilltop,40.7311689,-74.0575736,142,479.0,105,514.0,Feb
Paulus Hook,40.7141454,-74.0335519,440,370.5,442,358.5,Feb
Journal Square,40.733670000000000,-74.0625,370,378.0,362,362.5,Feb
Columbus Dr at Exchange Pl,40.71687,-74.03281,922,300.0,1003,300.0,Feb
Jackson Square,40.71113,-74.0789,100,843.0,76,711.0,Feb
5 Corners Library,40.73496102000950,-74.05950307846070,109,407.0,94,666.5,Feb
Heights Elevator,40.748715945380200,-74.04044330120090,99,806.0,80,1002.5,Feb
Communipaw & Berry Lane,40.71435836870430,-74.06661093235020,49,671.0,57,550.0,Feb
Glenwood Ave,40.72755146730010,-74.07106071710590,120,432.5,112,313.0,Feb
Newport PATH,40.7272235,-74.03375890000000,699,430.0,674,445.0,Mar
City Hall,40.717732500000000,-74.04384500000000,510,409.0,566,424.0,Mar
Jersey & 3rd,40.723331586464400,-74.04595255851740,452,234.5,456,263.0,Mar
McGinley Square,40.7253399253558,-74.06762212514880,365,253.0,310,287.0,Mar
Baldwin at Montgomery,40.7236589,-74.0641943,225,521.0,216,553.5,Mar
Essex Light Rail,40.712774200000000,-74.03648570000000,227,468.0,235,414.0,Mar
Manila & 1st,40.72165072488000,-74.04288411140440,363,264.0,377,269.0,Mar
Columbus Drive,40.71835519823210,-74.03891444206240,395,357.0,410,352.5,Mar
Fairmount Ave,40.72572613742560,-74.07195925712580,198,513.0,155,451.0,Mar
Brunswick St,40.7241765,-74.05065640000000,321,328.0,287,319.0,Mar
Morris Canal,40.7124188237569,-74.03852552175520,436,544.0,446,540.0,Mar
Marin Light Rail,40.71458403535890,-74.04281705617910,740,474.0,694,542.0,Mar
Columbus Dr at Exchange Pl,40.71687,-74.03281,633,358.0,673,387.0,Mar
Newark Ave,40.72152515,-74.046304543,469,312.0,516,324.0,Mar
Hamilton Park,40.727595966000000,-74.044247311,910,357.5,871,368.0,Mar
Brunswick & 6th,40.726011729646200,-74.0503889322281,412,317.0,340,342.0,Mar
Astor Place,40.71928220070700,-74.07126188278200,196,435.5,210,426.0,Mar
JC Medical Center,40.71653978099190,-74.0496379137039,381,683.0,382,717.0,Mar
Harborside,40.71925170000000,-74.034234,858,400.0,836,382.0,Mar
Sip Ave,40.73089709786180,-74.06391263008120,888,391.0,801,349.0,Mar
Washington St,40.7242941,-74.0354826,382,433.5,381,513.0,Mar
Riverview Park,40.7443187,-74.04399090000000,95,871.0,89,944.0,Mar
Monmouth and 6th,40.72568548362900,-74.0487903356552,294,307.5,271,283.0,Mar
Glenwood Ave,40.72755146730010,-74.07106071710590,120,891.5,94,843.5,Mar
Van Vorst Park,40.71848892,-74.047726625,372,389.0,370,505.0,Mar
Grand St,40.71517767732030,-74.03768330812450,239,366.0,240,417.5,Mar
Newport Pkwy,40.728744800000000,-74.03210820000000,641,693.0,693,711.0,Mar
Warren St,40.721123600000000,-74.03805095,434,368.5,426,391.0,Mar
5 Corners Library,40.73496102000950,-74.05950307846070,84,559.5,77,756.0,Mar
Liberty Light Rail,40.711242300000000,-74.0557013,676,1004.5,685,1480.0,Mar
Grove St PATH,40.71958611647170,-74.0431174635887,1335,286.0,1643,271.0,Mar
Montgomery St,40.71942,-74.05099,256,522.0,268,489.0,Mar
Oakland Ave,40.7376037,-74.05247830000000,133,378.0,105,487.0,Mar
Dixon Mills,40.72163014263840,-74.04996782541280,324,227.5,302,267.0,Mar
Hilltop,40.7311689,-74.0575736,172,599.5,126,670.0,Mar
Lafayette Park,40.71346382669200,-74.06285852193830,141,610.0,142,650.5,Mar
Christ Hospital,40.734785818,-74.050443636,101,496.0,85,632.0,Mar
Pershing Field,40.742677141,-74.051788633,185,628.0,181,656.0,Mar
Jackson Square,40.71113,-74.0789,64,976.0,63,774.0,Mar
Lincoln Park,40.7246050998869,-74.07840594649320,172,998.0,215,924.0,Mar
Dey St,40.737711,-74.066921,75,635.0,76,394.5,Mar
Hoboken Ave at Monmouth St,40.73520838045360,-74.04696375131610,138,620.5,155,530.0,Mar
Paulus Hook,40.7141454,-74.0335519,401,513.0,412,501.0,Mar
Journal Square,40.733670000000000,-74.0625,232,439.0,203,397.0,Mar
Communipaw & Berry Lane,40.71435836870430,-74.06661093235020,64,795.5,66,687.0,Mar
Jersey & 6th St,40.72528910781130,-74.04557168483730,308,242.0,280,269.5,Mar
Heights Elevator,40.748715945380200,-74.04044330120090,98,1008.0,89,1269.0,Mar
Union St,40.71821130000000,-74.08363940000000,85,777.0,89,682.0,Mar
Bergen Ave,40.72210378668600,-74.07145500183100,209,366.0,212,363.0,Mar
Leonard Gordon Park,40.74590996631560,-74.05727148056030,71,778.0,60,830.0,Mar
York St,40.71649,-74.04105,140,345.5,161,452.0,Mar
Fairmount Ave,40.72572613742560,-74.07195925712580,124,745.0,121,723.0,Apr
Oakland Ave,40.7376037,-74.05247830000000,90,572.0,66,579.0,Apr
Sip Ave,40.73089709786180,-74.06391263008120,525,450.0,479,399.0,Apr
Lincoln Park,40.7246050998869,-74.07840594649320,95,972.0,105,1326.0,Apr
Newark Ave,40.72152515,-74.046304543,205,440.0,220,478.0,Apr
Morris Canal,40.7124188237569,-74.03852552175520,322,1379.5,337,1379.0,Apr
Paulus Hook,40.7141454,-74.0335519,277,1205.0,277,1215.0,Apr
Hamilton Park,40.727595966000000,-74.044247311,348,648.0,367,680.0,Apr
Monmouth and 6th,40.72568548362900,-74.0487903356552,147,618.0,135,595.0,Apr
Bergen Ave,40.72210378668600,-74.07145500183100,231,376.0,227,355.0,Apr
Pershing Field,40.742677141,-74.051788633,159,1107.0,152,1363.0,Apr
Harborside,40.71925170000000,-74.034234,370,990.0,353,837.0,Apr
City Hall,40.717732500000000,-74.04384500000000,225,811.0,245,800.0,Apr
Glenwood Ave,40.72755146730010,-74.07106071710590,78,1150.0,77,1267.0,Apr
Hilltop,40.7311689,-74.0575736,136,717.5,110,685.0,Apr
Marin Light Rail,40.71458403535890,-74.04281705617910,416,1237.5,404,990.5,Apr
Christ Hospital,40.734785818,-74.050443636,96,513.5,62,722.5,Apr
Jackson Square,40.71113,-74.0789,63,857.0,56,1048.0,Apr
Van Vorst Park,40.71848892,-74.047726625,217,790.0,225,807.0,Apr
Liberty Light Rail,40.711242300000000,-74.0557013,347,1656.0,360,1688.5,Apr
Essex Light Rail,40.712774200000000,-74.03648570000000,128,761.0,133,750.0,Apr
Jersey & 6th St,40.72528910781130,-74.04557168483730,112,805.0,120,956.0,Apr
Grand St,40.71517767732030,-74.03768330812450,110,674.5,127,855.0,Apr
York St,40.71649,-74.04105,90,1144.5,95,747.0,Apr
Union St,40.71821130000000,-74.08363940000000,64,918.5,71,760.0,Apr
Newport Pkwy,40.728744800000000,-74.03210820000000,682,1108.5,663,1251.0,Apr
Grove St PATH,40.71958611647170,-74.0431174635887,328,433.0,424,516.5,Apr
Baldwin at Montgomery,40.7236589,-74.0641943,172,611.5,162,707.5,Apr
Hoboken Ave at Monmouth St,40.73520838045360,-74.04696375131610,147,1916.0,144,1998.0,Apr
Lafayette Park,40.71346382669200,-74.06285852193830,31,626.0,38,824.5,Apr
Brunswick & 6th,40.726011729646200,-74.0503889322281,125,705.0,134,767.5,Apr
Columbus Dr at Exchange Pl,40.71687,-74.03281,240,1000.5,246,921.0,Apr
JC Medical Center,40.71653978099190,-74.0496379137039,258,880.0,254,910.0,Apr
Warren St,40.721123600000000,-74.03805095,239,780.0,240,762.5,Apr
Dey St,40.737711,-74.066921,62,1336.5,50,1253.5,Apr
Columbus Drive,40.71835519823210,-74.03891444206240,244,897.0,235,895.0,Apr
Dixon Mills,40.72163014263840,-74.04996782541280,122,536.5,117,520.0,Apr
Manila & 1st,40.72165072488000,-74.04288411140440,112,542.5,124,686.5,Apr
Jersey & 3rd,40.723331586464400,-74.04595255851740,114,441.5,116,457.5,Apr
Brunswick St,40.7241765,-74.05065640000000,112,1351.0,115,955.0,Apr
Montgomery St,40.71942,-74.05099,176,680.0,188,526.5,Apr
McGinley Square,40.7253399253558,-74.06762212514880,214,384.5,175,534.0,Apr
Newport PATH,40.7272235,-74.03375890000000,263,853.0,261,787.0,Apr
Washington St,40.7242941,-74.0354826,248,1207.5,242,1406.0,Apr
Riverview Park,40.7443187,-74.04399090000000,54,1309.5,53,1437.0,Apr
Astor Place,40.71928220070700,-74.07126188278200,100,488.5,105,457.0,Apr
Heights Elevator,40.748715945380200,-74.04044330120090,80,1747.0,90,2013.5,Apr
Journal Square,40.733670000000000,-74.0625,76,450.0,57,346.0,Apr
Leonard Gordon Park,40.74590996631560,-74.05727148056030,21,914.0,22,1260.0,Apr
5 Corners Library,40.73496102000950,-74.05950307846070,35,475.0,28,655.0,Apr
Communipaw & Berry Lane,40.71435836870430,-74.06661093235020,38,1267.5,60,780.5,Apr
Sip Ave,40.73089709786180,-74.06391263008120,597,555.0,582,404.5,May
Columbus Dr at Exchange Pl,40.71687,-74.03281,910,1266.0,926,1342.0,May
Montgomery St,40.71942,-74.05099,320,774.5,325,620.0,May
Monmouth and 6th,40.72568548362900,-74.0487903356552,264,1010.5,262,564.5,May
McGinley Square,40.7253399253558,-74.06762212514880,301,671.0,257,865.0,May
Brunswick St,40.7241765,-74.05065640000000,320,1006.0,293,1137.0,May
Fairmount Ave,40.72572613742560,-74.07195925712580,213,737.0,195,573.0,May
Dixon Mills,40.72163014263840,-74.04996782541280,300,780.0,295,582.0,May
Morris Canal,40.7124188237569,-74.03852552175520,752,1572.5,759,1476.0,May
Newark Ave,40.72152515,-74.046304543,587,799.0,596,775.5,May
Oakland Ave,40.7376037,-74.05247830000000,126,693.0,93,941.0,May
Hamilton Park,40.727595966000000,-74.044247311,996,1135.5,1021,876.0,May
Harborside,40.71925170000000,-74.034234,937,1323.0,923,1210.0,May
Columbus Drive,40.71835519823210,-74.03891444206240,541,1179.0,556,969.0,May
Bergen Ave,40.72210378668600,-74.07145500183100,264,417.0,255,472.0,May
Grove St PATH,40.71958611647170,-74.0431174635887,1061,830.0,1108,784.0,May
JC Medical Center,40.71653978099190,-74.0496379137039,1068,1555.5,1075,1966.0,May
Hilltop,40.7311689,-74.0575736,247,983.0,219,923.0,May
Marin Light Rail,40.71458403535890,-74.04281705617910,1032,1413.5,1027,1459.0,May
Newport Pkwy,40.728744800000000,-74.03210820000000,1729,1547.0,1742,1550.0,May
Christ Hospital,40.734785818,-74.050443636,104,667.0,105,915.0,May
Jackson Square,40.71113,-74.0789,116,1030.5,119,1179.0,May
5 Corners Library,40.73496102000950,-74.05950307846070,82,1021.5,75,1015.0,May
Brunswick & 6th,40.726011729646200,-74.0503889322281,297,785.0,289,659.0,May
Jersey & 6th St,40.72528910781130,-74.04557168483730,288,867.0,286,774.0,May
Washington St,40.7242941,-74.0354826,684,1432.5,703,1488.0,May
Glenwood Ave,40.72755146730010,-74.07106071710590,129,1108.0,127,1434.0,May
Lafayette Park,40.71346382669200,-74.06285852193830,264,1487.0,285,1613.0,May
Union St,40.71821130000000,-74.08363940000000,145,1132.0,150,1052.5,May
City Hall,40.717732500000000,-74.04384500000000,808,1079.0,810,1142.5,May
Essex Light Rail,40.712774200000000,-74.03648570000000,274,1111.5,278,926.0,May
Liberty Light Rail,40.711242300000000,-74.0557013,2380,2415.5,2415,2272.0,May
Astor Place,40.71928220070700,-74.07126188278200,247,933.0,241,720.0,May
Journal Square,40.733670000000000,-74.0625,147,689.0,118,954.5,May
Lincoln Park,40.7246050998869,-74.07840594649320,482,1725.0,470,1815.5,May
Van Vorst Park,40.71848892,-74.047726625,600,1373.5,603,1582.0,May
Heights Elevator,40.748715945380200,-74.04044330120090,329,1692.0,328,1816.0,May
Jersey & 3rd,40.723331586464400,-74.04595255851740,382,704.5,385,1071.0,May
York St,40.71649,-74.04105,285,1351.0,270,964.5,May
Newport PATH,40.7272235,-74.03375890000000,688,1176.5,709,1285.0,May
Manila & 1st,40.72165072488000,-74.04288411140440,388,924.0,387,878.0,May
Dey St,40.737711,-74.066921,140,1063.5,120,1021.0,May
Hoboken Ave at Monmouth St,40.73520838045360,-74.04696375131610,452,1668.0,461,1783.0,May
Baldwin at Montgomery,40.7236589,-74.0641943,312,859.5,313,982.0,May
Warren St,40.721123600000000,-74.03805095,657,1078.0,673,1009.0,May
Communipaw & Berry Lane,40.71435836870430,-74.06661093235020,239,1670.0,244,1699.0,May
Grand St,40.71517767732030,-74.03768330812450,429,1326.0,421,1380.0,May
Paulus Hook,40.7141454,-74.0335519,693,1571.0,710,1528.0,May
Pershing Field,40.742677141,-74.051788633,237,1308.0,234,1639.5,May
Riverview Park,40.7443187,-74.04399090000000,163,1689.0,161,1616.0,May
Leonard Gordon Park,40.74590996631560,-74.05727148056030,71,1833.0,65,1447.0,May
Columbus Dr at Exchange Pl,40.71687,-74.03281,1589,1376.0,1607,1407.0,Jun
Heights Elevator,40.748715945380200,-74.04044330120090,508,1736.0,493,1939.0,Jun
Columbus Drive,40.71835519823210,-74.03891444206240,796,859.5,793,829.0,Jun
Morris Canal,40.7124188237569,-74.03852552175520,1006,1254.5,1010,1110.0,Jun
Harborside,40.71925170000000,-74.034234,1481,1121.0,1494,947.0,Jun
Grove St PATH,40.71958611647170,-74.0431174635887,1819,618.0,2073,603.0,Jun
York St,40.71649,-74.04105,377,1105.0,379,883.0,Jun
Sip Ave,40.73089709786180,-74.06391263008120,1025,557.0,938,463.5,Jun
Hilltop,40.7311689,-74.0575736,457,728.0,357,957.0,Jun
Oakland Ave,40.7376037,-74.05247830000000,195,705.0,150,782.5,Jun
Lincoln Park,40.7246050998869,-74.07840594649320,888,1690.5,921,1738.0,Jun
Glenwood Ave,40.72755146730010,-74.07106071710590,240,911.0,217,1280.0,Jun
Hamilton Park,40.727595966000000,-74.044247311,1694,975.0,1734,840.5,Jun
Newport Pkwy,40.728744800000000,-74.03210820000000,2604,1387.0,2618,1426.5,Jun
Baldwin at Montgomery,40.7236589,-74.0641943,546,695.5,524,791.0,Jun
Washington St,40.7242941,-74.0354826,933,1291.0,933,1336.0,Jun
Newark Ave,40.72152515,-74.046304543,898,767.0,914,654.5,Jun
Bergen Ave,40.72210378668600,-74.07145500183100,310,514.0,311,449.0,Jun
Essex Light Rail,40.712774200000000,-74.03648570000000,428,1164.5,432,927.5,Jun
Christ Hospital,40.734785818,-74.050443636,171,625.0,155,888.0,Jun
Liberty Light Rail,40.711242300000000,-74.0557013,2589,2327.0,2621,2249.0,Jun
Brunswick St,40.7241765,-74.05065640000000,442,673.5,447,604.0,Jun
Marin Light Rail,40.71458403535890,-74.04281705617910,1459,1013.0,1490,1054.0,Jun
Monmouth and 6th,40.72568548362900,-74.0487903356552,321,603.0,320,538.0,Jun
JC Medical Center,40.71653978099190,-74.0496379137039,1223,1085.0,1237,1415.0,Jun
Van Vorst Park,40.71848892,-74.047726625,801,977.0,815,1003.0,Jun
Jersey & 6th St,40.72528910781130,-74.04557168483730,484,610.0,492,604.5,Jun
McGinley Square,40.7253399253558,-74.06762212514880,533,511.0,389,674.0,Jun
Paulus Hook,40.7141454,-74.0335519,1141,1503.0,1138,1522.5,Jun
Astor Place,40.71928220070700,-74.07126188278200,373,747.0,379,724.0,Jun
Hoboken Ave at Monmouth St,40.73520838045360,-74.04696375131610,642,1455.5,640,1647.0,Jun
City Hall,40.717732500000000,-74.04384500000000,1061,842.0,1078,878.0,Jun
Dey St,40.737711,-74.066921,201,1100.0,177,852.0,Jun
Riverview Park,40.7443187,-74.04399090000000,273,1218.0,260,1419.5,Jun
Jersey & 3rd,40.723331586464400,-74.04595255851740,632,564.0,633,659.0,Jun
Pershing Field,40.742677141,-74.051788633,403,1214.0,375,1313.0,Jun
Journal Square,40.733670000000000,-74.0625,199,727.0,171,674.0,Jun
Union St,40.71821130000000,-74.08363940000000,288,1619.0,289,1582.0,Jun
Manila & 1st,40.72165072488000,-74.04288411140440,521,811.0,521,779.0,Jun
Newport PATH,40.7272235,-74.03375890000000,1143,1020.0,1138,981.0,Jun
Warren St,40.721123600000000,-74.03805095,919,829.0,917,732.0,Jun
Dixon Mills,40.72163014263840,-74.04996782541280,350,460.0,365,455.0,Jun
Montgomery St,40.71942,-74.05099,403,763.0,403,622.0,Jun
Jackson Square,40.71113,-74.0789,215,1423.0,225,1672.0,Jun
5 Corners Library,40.73496102000950,-74.05950307846070,221,930.0,172,1061.0,Jun
Grand St,40.71517767732030,-74.03768330812450,632,990.0,645,1041.0,Jun
Lafayette Park,40.71346382669200,-74.06285852193830,361,1048.0,388,1343.0,Jun
Communipaw & Berry Lane,40.71435836870430,-74.06661093235020,262,1643.5,277,1468.0,Jun
Fairmount Ave,40.72572613742560,-74.07195925712580,279,731.0,263,671.0,Jun
Brunswick & 6th,40.726011729646200,-74.0503889322281,409,645.0,418,582.0,Jun
Leonard Gordon Park,40.74590996631560,-74.05727148056030,176,1184.0,163,1380.0,Jun
Jackson Square,40.71113,-74.0789,218,1180.5,218,1407.0,Jul
Hoboken Ave at Monmouth St,40.73520838045360,-74.04696375131610,555,1117.0,549,1217.0,Jul
Columbus Dr at Exchange Pl,40.71687,-74.03281,1467,992.0,1525,1072.0,Jul
Glenwood Ave,40.72755146730010,-74.07106071710590,196,658.5,193,988.0,Jul
Union St,40.71821130000000,-74.08363940000000,260,1378.5,264,1475.0,Jul
Marin Light Rail,40.71458403535890,-74.04281705617910,1612,846.5,1631,804.0,Jul
Hilltop,40.7311689,-74.0575736,364,704.5,300,799.5,Jul
Grove St PATH,40.71958611647170,-74.0431174635887,2210,464.5,2450,457.0,Jul
Jersey & 6th St,40.72528910781130,-74.04557168483730,564,379.0,563,443.0,Jul
Harborside,40.71925170000000,-74.034234,1423,898.0,1422,818.0,Jul
Lincoln Park,40.7246050998869,-74.07840594649320,907,1471.0,940,1536.0,Jul
Sip Ave,40.73089709786180,-74.06391263008120,1433,524.0,1262,454.0,Jul
Lafayette Park,40.71346382669200,-74.06285852193830,509,1064.0,535,1118.0,Jul
Dixon Mills,40.72163014263840,-74.04996782541280,485,424.0,483,452.0,Jul
Oakland Ave,40.7376037,-74.05247830000000,297,804.0,200,1012.0,Jul
Montgomery St,40.71942,-74.05099,418,669.5,414,565.5,Jul
Hamilton Park,40.727595966000000,-74.044247311,1761,674.0,1776,625.5,Jul
Leonard Gordon Park,40.74590996631560,-74.05727148056030,153,929.0,148,1178.0,Jul
Fairmount Ave,40.72572613742560,-74.07195925712580,320,625.0,272,509.0,Jul
Newport Pkwy,40.728744800000000,-74.03210820000000,2679,1204.0,2694,1282.5,Jul
Morris Canal,40.7124188237569,-74.03852552175520,1079,1045.0,1089,946.0,Jul
Bergen Ave,40.72210378668600,-74.07145500183100,392,472.0,372,448.0,Jul
Baldwin at Montgomery,40.7236589,-74.0641943,573,663.0,571,712.0,Jul
JC Medical Center,40.71653978099190,-74.0496379137039,1398,983.0,1427,1159.0,Jul
Warren St,40.721123600000000,-74.03805095,1030,667.0,1037,642.0,Jul
Riverview Park,40.7443187,-74.04399090000000,199,1080.0,198,1236.0,Jul
Van Vorst Park,40.71848892,-74.047726625,804,649.0,829,669.0,Jul
Essex Light Rail,40.712774200000000,-74.03648570000000,535,672.0,557,738.0,Jul
Newark Ave,40.72152515,-74.046304543,968,597.0,970,529.0,Jul
Washington St,40.7242941,-74.0354826,988,1176.0,986,1005.5,Jul
Pershing Field,40.742677141,-74.051788633,371,1182.0,367,1277.0,Jul
Jersey & 3rd,40.723331586464400,-74.04595255851740,622,424.5,629,473.0,Jul
Columbus Drive,40.71835519823210,-74.03891444206240,815,831.0,802,783.0,Jul
York St,40.71649,-74.04105,391,623.0,390,693.0,Jul
Monmouth and 6th,40.72568548362900,-74.0487903356552,350,465.5,357,444.0,Jul
Heights Elevator,40.748715945380200,-74.04044330120090,369,1390.0,357,1559.0,Jul
Liberty Light Rail,40.711242300000000,-74.0557013,2322,1921.5,2346,1928.5,Jul
Dey St,40.737711,-74.066921,175,1101.0,172,925.0,Jul
City Hall,40.717732500000000,-74.04384500000000,1106,727.5,1176,592.5,Jul
McGinley Square,40.7253399253558,-74.06762212514880,582,416.0,400,393.5,Jul
Paulus Hook,40.7141454,-74.0335519,1069,1268.0,1078,1280.0,Jul
Brunswick St,40.7241765,-74.05065640000000,497,634.0,507,534.0,Jul
Grand St,40.71517767732030,-74.03768330812450,499,714.0,513,790.0,Jul
Communipaw & Berry Lane,40.71435836870430,-74.06661093235020,298,1346.5,310,1187.0,Jul
Astor Place,40.71928220070700,-74.07126188278200,411,599.0,393,596.0,Jul
Christ Hospital,40.734785818,-74.050443636,139,621.0,115,603.0,Jul
Brunswick & 6th,40.726011729646200,-74.0503889322281,441,539.0,445,487.0,Jul
Newport PATH,40.7272235,-74.03375890000000,1417,891.0,1418,824.0,Jul
Manila & 1st,40.72165072488000,-74.04288411140440,555,576.0,554,599.0,Jul
5 Corners Library,40.73496102000950,-74.05950307846070,195,894.0,197,1006.0,Jul
Journal Square,40.733670000000000,-74.0625,258,672.0,246,781.0,Jul
City Hall,40.717732500000000,-74.04384500000000,1112,606.0,1185,577.0,Aug
Grove St PATH,40.71958611647170,-74.0431174635887,2581,447.0,2836,449.0,Aug
Heights Elevator,40.748715945380200,-74.04044330120090,440,1256.5,422,1563.5,Aug
Paulus Hook,40.7141454,-74.0335519,1101,1060.0,1123,1191.0,Aug
Columbus Drive,40.71835519823210,-74.03891444206240,935,696.0,939,616.0,Aug
Washington St,40.7242941,-74.0354826,1224,1014.5,1227,1037.0,Aug
Harborside,40.71925170000000,-74.034234,1566,729.5,1557,698.0,Aug
Newark Ave,40.72152515,-74.046304543,889,589.0,924,541.0,Aug
Marin Light Rail,40.71458403535890,-74.04281705617910,1894,799.5,1928,779.0,Aug
Columbus Dr at Exchange Pl,40.71687,-74.03281,1695,891.0,1688,919.5,Aug
Lincoln Park,40.7246050998869,-74.07840594649320,753,1416.0,832,1414.0,Aug
JC Medical Center,40.71653978099190,-74.0496379137039,1657,1062.0,1723,1232.0,Aug
Hilltop,40.7311689,-74.0575736,460,775.5,346,836.0,Aug
Jersey & 6th St,40.72528910781130,-74.04557168483730,593,384.0,611,397.0,Aug
Jackson Square,40.71113,-74.0789,177,1204.0,203,1087.0,Aug
Riverview Park,40.7443187,-74.04399090000000,280,1092.5,249,1379.0,Aug
Hoboken Ave at Monmouth St,40.73520838045360,-74.04696375131610,567,1081.0,579,1116.0,Aug
Sip Ave,40.73089709786180,-74.06391263008120,1624,511.5,1435,433.0,Aug
Essex Light Rail,40.712774200000000,-74.03648570000000,498,677.0,522,687.0,Aug
Newport PATH,40.7272235,-74.03375890000000,1660,843.0,1690,838.5,Aug
Monmouth and 6th,40.72568548362900,-74.0487903356552,480,502.5,478,472.0,Aug
Pershing Field,40.742677141,-74.051788633,496,1005.0,488,1180.5,Aug
McGinley Square,40.7253399253558,-74.06762212514880,636,392.5,462,381.0,Aug
Warren St,40.721123600000000,-74.03805095,1216,629.5,1227,699.0,Aug
Brunswick St,40.7241765,-74.05065640000000,650,581.0,637,564.0,Aug
Fairmount Ave,40.72572613742560,-74.07195925712580,326,601.0,260,536.0,Aug
Bergen Ave,40.72210378668600,-74.07145500183100,474,464.5,429,429.0,Aug
Baldwin at Montgomery,40.7236589,-74.0641943,668,676.5,625,763.0,Aug
Hamilton Park,40.727595966000000,-74.044247311,1749,634.0,1804,594.0,Aug
Newport Pkwy,40.728744800000000,-74.03210820000000,3050,1168.5,3052,1212.0,Aug
Glenwood Ave,40.72755146730010,-74.07106071710590,249,865.0,243,972.0,Aug
Leonard Gordon Park,40.74590996631560,-74.05727148056030,173,938.0,155,1138.0,Aug
Union St,40.71821130000000,-74.08363940000000,211,1024.0,239,1108.0,Aug
Dey St,40.737711,-74.066921,230,1025.0,228,932.5,Aug
Morris Canal,40.7124188237569,-74.03852552175520,1332,1062.5,1330,1009.0,Aug
Montgomery St,40.71942,-74.05099,477,624.0,494,669.0,Aug
Liberty Light Rail,40.711242300000000,-74.0557013,2397,2003.0,2426,1989.0,Aug
Manila & 1st,40.72165072488000,-74.04288411140440,566,479.0,578,512.0,Aug
Brunswick & 6th,40.726011729646200,-74.0503889322281,530,548.0,558,496.0,Aug
Jersey & 3rd,40.723331586464400,-74.04595255851740,730,398.0,731,452.0,Aug
York St,40.71649,-74.04105,447,711.0,440,652.0,Aug
Dixon Mills,40.72163014263840,-74.04996782541280,582,439.5,582,436.0,Aug
Van Vorst Park,40.71848892,-74.047726625,966,659.0,972,719.5,Aug
5 Corners Library,40.73496102000950,-74.05950307846070,223,865.0,207,952.0,Aug
Lafayette Park,40.71346382669200,-74.06285852193830,489,874.0,550,838.5,Aug
Oakland Ave,40.7376037,-74.05247830000000,309,719.0,200,826.5,Aug
Astor Place,40.71928220070700,-74.07126188278200,439,567.0,434,713.0,Aug
Grand St,40.71517767732030,-74.03768330812450,558,617.0,591,640.0,Aug
Communipaw & Berry Lane,40.71435836870430,-74.06661093235020,345,1284.0,385,1092.0,Aug
Journal Square,40.733670000000000,-74.0625,366,674.5,255,596.0,Aug
Christ Hospital,40.734785818,-74.050443636,197,682.0,158,871.0,Aug
Grove St PATH,40.71958611647170,-74.0431174635887,3664,360.5,4009,383.0,Sep
Journal Square,40.733670000000000,-74.0625,434,626.0,364,589.5,Sep
Union St,40.71821130000000,-74.08363940000000,236,1246.0,243,1272.0,Sep
Hamilton Park,40.727595966000000,-74.044247311,2143,561.0,2260,565.0,Sep
McGinley Square,40.7253399253558,-74.06762212514880,936,420.0,664,386.5,Sep
Baldwin at Montgomery,40.7236589,-74.0641943,806,614.0,758,689.0,Sep
Christ Hospital,40.734785818,-74.050443636,218,626.0,185,723.0,Sep
Newport Pkwy,40.728744800000000,-74.03210820000000,3371,974.0,3396,1065.0,Sep
Jersey & 3rd,40.723331586464400,-74.04595255851740,880,314.5,905,381.0,Sep
Astor Place,40.71928220070700,-74.07126188278200,529,535.0,525,556.0,Sep
Dixon Mills,40.72163014263840,-74.04996782541280,725,391.0,711,382.0,Sep
Essex Light Rail,40.712774200000000,-74.03648570000000,740,638.5,740,654.5,Sep
Marin Light Rail,40.71458403535890,-74.04281705617910,2276,621.0,2275,667.0,Sep
Warren St,40.721123600000000,-74.03805095,1592,480.5,1596,486.0,Sep
Fairmount Ave,40.72572613742560,-74.07195925712580,554,532.5,428,428.5,Sep
Lincoln Park,40.7246050998869,-74.07840594649320,1045,1402.0,1060,1494.0,Sep
Lafayette Park,40.71346382669200,-74.06285852193830,631,695.0,675,737.0,Sep
Columbus Drive,40.71835519823210,-74.03891444206240,1085,585.0,1099,501.0,Sep
Monmouth and 6th,40.72568548362900,-74.0487903356552,732,404.0,743,432.0,Sep
JC Medical Center,40.71653978099190,-74.0496379137039,1853,877.0,1896,1012.0,Sep
Washington St,40.7242941,-74.0354826,1557,877.0,1584,848.5,Sep
Jersey & 6th St,40.72528910781130,-74.04557168483730,851,369.0,865,420.0,Sep
Morris Canal,40.7124188237569,-74.03852552175520,1521,748.0,1528,769.5,Sep
Newport PATH,40.7272235,-74.03375890000000,2295,623.0,2349,651.0,Sep
Liberty Light Rail,40.711242300000000,-74.0557013,2701,1547.0,2710,1700.5,Sep
Sip Ave,40.73089709786180,-74.06391263008120,1971,476.0,1836,431.0,Sep
Van Vorst Park,40.71848892,-74.047726625,1205,584.0,1222,586.0,Sep
Glenwood Ave,40.72755146730010,-74.07106071710590,342,763.5,309,917.0,Sep
Brunswick St,40.7241765,-74.05065640000000,864,516.0,870,480.5,Sep
Brunswick & 6th,40.726011729646200,-74.0503889322281,766,496.0,767,485.0,Sep
City Hall,40.717732500000000,-74.04384500000000,1540,582.0,1668,543.5,Sep
Pershing Field,40.742677141,-74.051788633,502,888.5,458,1111.5,Sep
Columbus Dr at Exchange Pl,40.71687,-74.03281,2001,691.0,2073,671.0,Sep
Communipaw & Berry Lane,40.71435836870430,-74.06661093235020,410,843.5,443,840.0,Sep
Hilltop,40.7311689,-74.0575736,621,697.0,432,796.5,Sep
Harborside,40.71925170000000,-74.034234,1943,614.0,1942,567.0,Sep
Paulus Hook,40.7141454,-74.0335519,1110,728.0,1164,707.0,Sep
Bergen Ave,40.72210378668600,-74.07145500183100,493,486.0,400,424.0,Sep
Grand St,40.71517767732030,-74.03768330812450,858,547.0,869,587.0,Sep
Heights Elevator,40.748715945380200,-74.04044330120090,523,1135.0,512,1273.0,Sep
York St,40.71649,-74.04105,555,554.0,572,584.0,Sep
Newark Ave,40.72152515,-74.046304543,1175,452.0,1250,502.0,Sep
Montgomery St,40.71942,-74.05099,670,638.0,672,590.0,Sep
Hoboken Ave at Monmouth St,40.73520838045360,-74.04696375131610,620,933.5,628,935.0,Sep
Manila & 1st,40.72165072488000,-74.04288411140440,656,438.5,733,445.0,Sep
Dey St,40.737711,-74.066921,278,784.5,283,599.0,Sep
Oakland Ave,40.7376037,-74.05247830000000,366,641.5,245,876.0,Sep
Jackson Square,40.71113,-74.0789,199,976.0,193,1029.0,Sep
5 Corners Library,40.73496102000950,-74.05950307846070,324,792.0,290,834.0,Sep
Riverview Park,40.7443187,-74.04399090000000,310,998.5,274,1114.5,Sep
Leonard Gordon Park,40.74590996631560,-74.05727148056030,156,896.5,126,1130.5,Sep
Grove St PATH,40.71958611647170,-74.0431174635887,2146,318.0,2352,357.0,Oct
Manila & 1st,40.72165072488000,-74.04288411140440,416,367.5,424,393.5,Oct
Newport Pkwy,40.728744800000000,-74.03210820000000,1829,930.0,1837,909.0,Oct
Sip Ave,40.73089709786180,-74.06391263008120,1216,469.5,1067,419.0,Oct
Washington St,40.7242941,-74.0354826,824,633.0,838,644.5,Oct
Pershing Field,40.742677141,-74.051788633,256,778.5,243,1007.0,Oct
JC Medical Center,40.71653978099190,-74.0496379137039,1095,679.0,1063,887.0,Oct
Warren St,40.721123600000000,-74.03805095,945,455.0,968,417.0,Oct
Hilltop,40.7311689,-74.0575736,308,658.5,233,800.0,Oct
Astor Place,40.71928220070700,-74.07126188278200,291,544.0,292,503.5,Oct
Union St,40.71821130000000,-74.08363940000000,113,1271.0,116,1450.0,Oct
Heights Elevator,40.748715945380200,-74.04044330120090,311,1058.0,282,1205.5,Oct
Harborside,40.71925170000000,-74.034234,985,472.0,998,458.0,Oct
Communipaw & Berry Lane,40.71435836870430,-74.06661093235020,240,789.5,248,808.0,Oct
Liberty Light Rail,40.711242300000000,-74.0557013,1303,1124.0,1306,1317.0,Oct
Morris Canal,40.7124188237569,-74.03852552175520,851,605.0,850,679.0,Oct
Bergen Ave,40.72210378668600,-74.07145500183100,302,444.5,252,428.0,Oct
Jersey & 6th St,40.72528910781130,-74.04557168483730,465,349.0,486,358.0,Oct
Oakland Ave,40.7376037,-74.05247830000000,179,471.0,123,641.0,Oct
Jackson Square,40.71113,-74.0789,114,872.5,126,909.5,Oct
Fairmount Ave,40.72572613742560,-74.07195925712580,358,542.0,315,444.0,Oct
Baldwin at Montgomery,40.7236589,-74.0641943,494,604.0,445,658.0,Oct
Hamilton Park,40.727595966000000,-74.044247311,1285,539.0,1338,519.5,Oct
McGinley Square,40.7253399253558,-74.06762212514880,526,359.0,377,372.0,Oct
Brunswick St,40.7241765,-74.05065640000000,494,451.0,496,462.5,Oct
Montgomery St,40.71942,-74.05099,358,618.0,363,565.0,Oct
Marin Light Rail,40.71458403535890,-74.04281705617910,1131,499.0,1148,561.0,Oct
Essex Light Rail,40.712774200000000,-74.03648570000000,464,545.0,469,588.0,Oct
Dixon Mills,40.72163014263840,-74.04996782541280,437,411.0,443,443.0,Oct
Brunswick & 6th,40.726011729646200,-74.0503889322281,468,429.5,482,442.5,Oct
Lafayette Park,40.71346382669200,-74.06285852193830,367,654.0,396,700.5,Oct
Van Vorst Park,40.71848892,-74.047726625,650,526.5,691,559.0,Oct
Jersey & 3rd,40.723331586464400,-74.04595255851740,479,295.0,493,384.0,Oct
Newport PATH,40.7272235,-74.03375890000000,1416,549.0,1441,559.0,Oct
Christ Hospital,40.734785818,-74.050443636,151,594.0,132,696.0,Oct
Monmouth and 6th,40.72568548362900,-74.0487903356552,448,391.5,455,389.0,Oct
Columbus Dr at Exchange Pl,40.71687,-74.03281,1017,572.0,1045,558.0,Oct
Paulus Hook,40.7141454,-74.0335519,640,617.0,668,626.0,Oct
Newark Ave,40.72152515,-74.046304543,654,473.5,691,478.0,Oct
Glenwood Ave,40.72755146730010,-74.07106071710590,169,706.0,149,808.0,Oct
Lincoln Park,40.7246050998869,-74.07840594649320,381,1084.0,394,1069.5,Oct
Dey St,40.737711,-74.066921,140,563.5,137,403.0,Oct
Columbus Drive,40.71835519823210,-74.03891444206240,679,437.0,680,446.5,Oct
Journal Square,40.733670000000000,-74.0625,235,540.0,195,415.0,Oct
Leonard Gordon Park,40.74590996631560,-74.05727148056030,88,962.0,89,723.0,Oct
City Hall,40.717732500000000,-74.04384500000000,910,535.5,994,509.0,Oct
York St,40.71649,-74.04105,294,493.0,309,524.0,Oct
Grand St,40.71517767732030,-74.03768330812450,517,508.0,513,533.0,Oct
Hoboken Ave at Monmouth St,40.73520838045360,-74.04696375131610,277,969.0,298,868.5,Oct
5 Corners Library,40.73496102000950,-74.05950307846070,187,780.0,157,821.0,Oct
Riverview Park,40.7443187,-74.04399090000000,183,973.0,151,1176.0,Oct
Columbus Drive,40.71835519823210,-74.03891444206240,483,422.0,477,421.0,Nov
Grand St,40.71517767732030,-74.03768330812450,431,512.0,412,532.5,Nov
Hamilton Park,40.727595966000000,-74.044247311,858,516.0,906,473.0,Nov
Lafayette Park,40.71346382669200,-74.06285852193830,268,634.5,277,648.0,Nov
City Hall,40.717732500000000,-74.04384500000000,663,509.0,712,511.0,Nov
Bergen Ave,40.72210378668600,-74.07145500183100,218,491.5,207,527.0,Nov
Newport PATH,40.7272235,-74.03375890000000,952,552.5,970,551.0,Nov
Hilltop,40.7311689,-74.0575736,134,622.5,121,698.0,Nov
McGinley Square,40.7253399253558,-74.06762212514880,348,338.5,302,362.5,Nov
Manila & 1st,40.72165072488000,-74.04288411140440,374,402.0,411,413.0,Nov
Van Vorst Park,40.71848892,-74.047726625,494,457.5,516,575.0,Nov
Washington St,40.7242941,-74.0354826,601,623.0,645,672.0,Nov
Jackson Square,40.71113,-74.0789,105,1035.0,105,1148.0,Nov
Newport Pkwy,40.728744800000000,-74.03210820000000,1240,857.0,1246,882.5,Nov
Marin Light Rail,40.71458403535890,-74.04281705617910,916,584.5,900,605.5,Nov
Columbus Dr at Exchange Pl,40.71687,-74.03281,617,643.0,627,652.0,Nov
JC Medical Center,40.71653978099190,-74.0496379137039,773,723.0,789,876.0,Nov
Essex Light Rail,40.712774200000000,-74.03648570000000,265,580.0,273,565.0,Nov
Lincoln Park,40.7246050998869,-74.07840594649320,225,1022.0,209,1021.0,Nov
Fairmount Ave,40.72572613742560,-74.07195925712580,261,517.0,208,430.0,Nov
Newark Ave,40.72152515,-74.046304543,444,391.0,460,409.0,Nov
Baldwin at Montgomery,40.7236589,-74.0641943,344,539.5,328,627.0,Nov
Sip Ave,40.73089709786180,-74.06391263008120,882,473.0,779,412.0,Nov
5 Corners Library,40.73496102000950,-74.05950307846070,104,736.0,83,910.0,Nov
Brunswick St,40.7241765,-74.05065640000000,464,388.0,454,426.5,Nov
Liberty Light Rail,40.711242300000000,-74.0557013,983,1391.0,996,1435.5,Nov
Warren St,40.721123600000000,-74.03805095,645,466.0,643,411.0,Nov
Jersey & 6th St,40.72528910781130,-74.04557168483730,388,352.0,389,398.0,Nov
Morris Canal,40.7124188237569,-74.03852552175520,559,643.0,552,677.5,Nov
Paulus Hook,40.7141454,-74.0335519,477,632.0,505,612.0,Nov
Pershing Field,40.742677141,-74.051788633,179,748.0,173,992.0,Nov
Astor Place,40.71928220070700,-74.07126188278200,214,563.0,214,600.5,Nov
Jersey & 3rd,40.723331586464400,-74.04595255851740,388,313.5,403,406.0,Nov
Dixon Mills,40.72163014263840,-74.04996782541280,250,397.5,252,437.5,Nov
Montgomery St,40.71942,-74.05099,270,491.5,273,543.0,Nov
York St,40.71649,-74.04105,241,502.0,248,459.5,Nov
Brunswick & 6th,40.726011729646200,-74.0503889322281,366,430.0,358,385.0,Nov
Heights Elevator,40.748715945380200,-74.04044330120090,173,1070.0,166,1219.5,Nov
Riverview Park,40.7443187,-74.04399090000000,104,972.0,91,1146.0,Nov
Communipaw & Berry Lane,40.71435836870430,-74.06661093235020,162,750.0,167,800.0,Nov
Journal Square,40.733670000000000,-74.0625,129,532.0,124,487.5,Nov
Monmouth and 6th,40.72568548362900,-74.0487903356552,309,390.0,306,389.0,Nov
Glenwood Ave,40.72755146730010,-74.07106071710590,119,635.0,110,903.5,Nov
Hoboken Ave at Monmouth St,40.73520838045360,-74.04696375131610,231,963.0,199,1011.0,Nov
Oakland Ave,40.7376037,-74.05247830000000,116,547.0,84,541.0,Nov
Christ Hospital,40.734785818,-74.050443636,91,648.0,77,561.0,Nov
Harborside,40.71925170000000,-74.034234,654,447.5,646,456.0,Nov
Grove St PATH,40.71958611647170,-74.0431174635887,1582,359.0,1707,359.0,Nov
Dey St,40.737711,-74.066921,73,766.0,74,551.5,Nov
Leonard Gordon Park,40.74590996631560,-74.05727148056030,32,876.0,24,851.5,Nov
Union St,40.71821130000000,-74.08363940000000,76,1191.0,61,1244.0,Nov
Newport PATH,40.7272235,-74.03375890000000,355,481.0,373,426.0,Dec
Journal Square,40.733670000000000,-74.0625,134,514.5,110,502.5,Dec
Grove St PATH,40.71958611647170,-74.0431174635887,776,323.5,933,312.0,Dec
Christ Hospital,40.734785818,-74.050443636,64,567.0,46,630.5,Dec
McGinley Square,40.7253399253558,-74.06762212514880,222,306.0,203,334.0,Dec
Paulus Hook,40.7141454,-74.0335519,227,615.0,219,564.0,Dec
Newport Pkwy,40.728744800000000,-74.03210820000000,721,781.0,743,753.0,Dec
Fairmount Ave,40.72572613742560,-74.07195925712580,215,428.0,153,393.0,Dec
Bergen Ave,40.72210378668600,-74.07145500183100,121,534.0,115,500.0,Dec
Hilltop,40.7311689,-74.0575736,112,629.5,80,693.5,Dec
Sip Ave,40.73089709786180,-74.06391263008120,607,438.0,511,393.0,Dec
Jersey & 6th St,40.72528910781130,-74.04557168483730,235,289.0,220,340.5,Dec
Dixon Mills,40.72163014263840,-74.04996782541280,176,348.5,147,383.0,Dec
Hamilton Park,40.727595966000000,-74.044247311,445,455.0,456,480.5,Dec
Warren St,40.721123600000000,-74.03805095,385,405.0,411,405.0,Dec
Grand St,40.71517767732030,-74.03768330812450,218,458.5,223,555.0,Dec
Glenwood Ave,40.72755146730010,-74.07106071710590,96,893.0,85,1011.0,Dec
Morris Canal,40.7124188237569,-74.03852552175520,315,520.0,308,561.0,Dec
Lafayette Park,40.71346382669200,-74.06285852193830,152,561.0,162,644.5,Dec
Monmouth and 6th,40.72568548362900,-74.0487903356552,131,386.0,120,465.5,Dec
Brunswick & 6th,40.726011729646200,-74.0503889322281,239,406.0,218,383.5,Dec
Marin Light Rail,40.71458403535890,-74.04281705617910,489,457.0,475,504.0,Dec
Brunswick St,40.7241765,-74.05065640000000,284,331.0,263,367.0,Dec
Van Vorst Park,40.71848892,-74.047726625,232,421.5,247,468.0,Dec
JC Medical Center,40.71653978099190,-74.0496379137039,374,458.5,396,522.5,Dec
Essex Light Rail,40.712774200000000,-74.03648570000000,154,486.5,154,474.0,Dec
Columbus Drive,40.71835519823210,-74.03891444206240,256,412.0,274,401.5,Dec
Washington St,40.7242941,-74.0354826,350,501.0,400,543.5,Dec
Dey St,40.737711,-74.066921,39,452.0,49,268.0,Dec
Liberty Light Rail,40.711242300000000,-74.0557013,300,825.5,314,803.5,Dec
Lincoln Park,40.7246050998869,-74.07840594649320,98,753.5,94,770.5,Dec
Manila & 1st,40.72165072488000,-74.04288411140440,246,322.0,263,333.0,Dec
Astor Place,40.71928220070700,-74.07126188278200,150,562.0,147,572.0,Dec
Columbus Dr at Exchange Pl,40.71687,-74.03281,343,448.0,357,398.0,Dec
Jersey & 3rd,40.723331586464400,-74.04595255851740,254,304.5,263,350.0,Dec
Harborside,40.71925170000000,-74.034234,391,405.0,379,449.0,Dec
Newark Ave,40.72152515,-74.046304543,232,339.5,253,419.0,Dec
Pershing Field,40.742677141,-74.051788633,158,813.0,127,902.0,Dec
Baldwin at Montgomery,40.7236589,-74.0641943,232,624.0,227,497.0,Dec
Union St,40.71821130000000,-74.08363940000000,32,1149.5,37,1300.0,Dec
5 Corners Library,40.73496102000950,-74.05950307846070,52,595.0,25,801.0,Dec
City Hall,40.717732500000000,-74.04384500000000,352,440.0,394,442.5,Dec
Leonard Gordon Park,40.74590996631560,-74.05727148056030,16,587.0,17,549.0,Dec
Hoboken Ave at Monmouth St,40.73520838045360,-74.04696375131610,98,968.5,99,838.0,Dec
York St,40.71649,-74.04105,112,478.0,139,455.0,Dec
Oakland Ave,40.7376037,-74.05247830000000,83,416.0,51,486.0,Dec
Montgomery St,40.71942,-74.05099,142,615.0,152,573.5,Dec
Jackson Square,40.71113,-74.0789,46,1130.0,48,1392.5,Dec
Communipaw & Berry Lane,40.71435836870430,-74.06661093235020,78,654.0,80,786.5,Dec
Riverview Park,40.7443187,-74.04399090000000,70,1025.5,60,831.5,Dec
Heights Elevator,40.748715945380200,-74.04044330120090,85,1136.0,66,1221.0,Dec